video_id,format,month,date_local,title,duration_seconds,view_count,like_count,comment_count,was_live,live_status,is_premiere_flag,tags,categories,video_url,thumbnail_url,date_ts_utc,description
DGC06050001,long,2026-06,2026-06-05 08:30:00,Cleaning Your AeroPress the Right Way,600,6500,310,29,False,not_live,False,coffee|gear-review,Howto & Style,https://www.youtube.com/watch?v=DGC06050001,https://i.ytimg.com/vi/DGC06050001/hqdefault.jpg,1780648200,(synthetic demo description for DGC06050001)
DGC06040001,long,2026-06,2026-06-04 18:00:00,PREMIERE: Home Roasting Starter Kit Full Review,1740,15000,890,132,False,not_live,True,coffee|gear-review,Howto & Style,https://www.youtube.com/watch?v=DGC06040001,https://i.ytimg.com/vi/DGC06040001/hqdefault.jpg,1780596000,(synthetic demo description for DGC06040001)
DGC06030001,long,2026-06,2026-06-03 15:00:00,We Broke Down Every Grinder Under $150 (Viral),1560,210000,18400,2103,False,not_live,False,coffee|gear-review,Howto & Style,https://www.youtube.com/watch?v=DGC06030001,https://i.ytimg.com/vi/DGC06030001/hqdefault.jpg,1780498800,(synthetic demo description for DGC06030001)
DGC06020001,long,2026-06,2026-06-02 10:30:00,Hario V60 vs Kalita Wave: Which Pour-Over Actually Wins,900,8000,455,61,False,not_live,False,coffee|gear-review,Howto & Style,https://www.youtube.com/watch?v=DGC06020001,https://i.ytimg.com/vi/DGC06020001/hqdefault.jpg,1780396200,(synthetic demo description for DGC06020001)
DGC06010001,long,2026-06,2026-06-01 09:00:00,Best Budget Espresso Machines Under $300 (2026 Edition),1080,7200,402,55,False,not_live,False,coffee|gear-review,Howto & Style,https://www.youtube.com/watch?v=DGC06010001,https://i.ytimg.com/vi/DGC06010001/hqdefault.jpg,1780304400,(synthetic demo description for DGC06010001)
DGC06060002,short,2026-06,2026-06-06 07:10:00,The Truth About 'Light Roast Is Weaker',44,52000,4100,210,False,not_live,False,coffee|gear-review,Howto & Style,https://www.youtube.com/watch?v=DGC06060002,https://i.ytimg.com/vi/DGC06060002/hqdefault.jpg,1780729800,(synthetic demo description for DGC06060002)
DGC06050002,short,2026-06,2026-06-05 07:20:00,Stop Doing This With Your Beans,40,38000,3050,140,False,not_live,False,coffee|gear-review,Howto & Style,https://www.youtube.com/watch?v=DGC06050002,https://i.ytimg.com/vi/DGC06050002/hqdefault.jpg,1780644000,(synthetic demo description for DGC06050002)
DGC06030002,short,2026-06,2026-06-03 07:45:00,This $12 Tool Changed My Pour-Over Forever,48,650000,61000,3400,False,not_live,False,coffee|gear-review,Howto & Style,https://www.youtube.com/watch?v=DGC06030002,https://i.ytimg.com/vi/DGC06030002/hqdefault.jpg,1780472700,(synthetic demo description for DGC06030002)
DGC06020002,short,2026-06,2026-06-02 07:30:00,3 Second Fix for Bitter Coffee,35,45000,3600,175,False,not_live,False,coffee|gear-review,Howto & Style,https://www.youtube.com/watch?v=DGC06020002,https://i.ytimg.com/vi/DGC06020002/hqdefault.jpg,1780385400,(synthetic demo description for DGC06020002)
DGC06010003,short,2026-06,2026-06-01 07:15:00,Why Your Espresso Tastes Sour,42,41000,3300,160,False,not_live,False,coffee|gear-review,Howto & Style,https://www.youtube.com/watch?v=DGC06010003,https://i.ytimg.com/vi/DGC06010003/hqdefault.jpg,1780298100,(synthetic demo description for DGC06010003)
DGC06060001,live,2026-06,2026-06-06 14:05:00,Live Roast-Along With Viewers,4200,12000,,,True,was_live,False,coffee|gear-review,Howto & Style,https://www.youtube.com/watch?v=DGC06060001,https://i.ytimg.com/vi/DGC06060001/hqdefault.jpg,1780754700,(synthetic demo description for DGC06060001)
DGC06040002,live,2026-06,2026-06-04 19:03:00,URGENT LIVE: Grinder Recall Breaking News,5400,150000,,,True,was_live,False,coffee|gear-review,Howto & Style,https://www.youtube.com/watch?v=DGC06040002,https://i.ytimg.com/vi/DGC06040002/hqdefault.jpg,1780599780,(synthetic demo description for DGC06040002)
DGC06010002,live,2026-06,2026-06-01 12:02:00,Weekly Live Cupping Session,3000,18000,,,True,was_live,False,coffee|gear-review,Howto & Style,https://www.youtube.com/watch?v=DGC06010002,https://i.ytimg.com/vi/DGC06010002/hqdefault.jpg,1780315320,(synthetic demo description for DGC06010002)
DGC05310001,live,2026-06,2026-06-01 00:15:00,Midnight Launch Stream: New Roaster Reveal,4500,20000,,,True,was_live,False,coffee|gear-review,Howto & Style,https://www.youtube.com/watch?v=DGC05310001,https://i.ytimg.com/vi/DGC05310001/hqdefault.jpg,1780272900,(synthetic demo description for DGC05310001)
